text,sentiment
"Bitcoin miners exit China, beat a path to the U.S. as crypto climate shifts",Extreme Fear
Bitcoin Drops Ahead of Looming ‘Death Cross’,Extreme Fear
World Bank rejects El Salvador request for help in adopting bitcoin,Fear
"Bitcoin remains above $40,000, Ether down nearly 3%",Fear
Elon Musk to help crypto miners form Bitcoin Mining Council,Fear
Bitcoin Price Jumps After Elon Musk Says Tesla Could Use It Again,Fear
JP Morgan warns that Bitcoin bear market might be here,Extreme Fear
"Bitcoin falls nearly 6% to $35,210; Ether drops 2.5%",Fear
"Surf and bitcoin, El Salvador beach town rides crypto wave",Extreme Fear
Bitcoin price climbs as Basel panel proposes banking capital rules,Extreme Fear
El Salvador first country to approve bitcoin as legal tender,Extreme Fear
Bitcoin falls below $32K after Colonial Pipeline's ransom recovery,Extreme Fear
El Salvador president wants Bitcoin as legal tender,Extreme Fear
Elon Musk has been dragging Bitcoin where it dreaded to go,Extreme Fear
Elon Musk says Bitcoin is not 'real economy'. Here's what Tesla CEO thinks it is,Extreme Fear
Bitcoin slips after Musk tweets a broken heart emoji with Linkin Park song,Fear
Bitcoin in Repair Mode as Traders Head to Miami; Dogecoin Gains,Extreme Fear
JPMorgan says bitcoin price could decline further before stabilizing:,Extreme Fear
"Bitcoin Price, Foreign ASIC Demand Drive Profitable Q1 for Miner Producer Canaan",Extreme Fear
"RBI clears air on cryptocurrency trading, asks banks to perform customer due diligence",Extreme Fear
The bitcoin racing car will be starting on the front line of the Indy 500 today.,Extreme Fear
"Bitcoin Slides to $35K, ETH to $2.4K on Biden, Environmental Bearishness",Extreme Fear
India’s HDFC Bank Calls Bitcoin a Fad as Exchanges Mull Legal Fight Over Restrictions,Extreme Fear
"Weak PayPal Pump Leaves Market Mostly Flat With BTC at $38K, ETH $2.7K",Fear
"PayPal Will Let Customers Withdraw Crypto, Exec Says",Extreme Fear
Bitcoin Rises to Near $40K After Musk Tweets About BTC Mining’s ‘Promising’ Renewable Usage,Extreme Fear
Bitcoin Holds Short-Term Support; Faces Resistance at $40K,Extreme Fear
"Bitcoin, Ether Now Down 50% From Last Month’s ATH as Rout Resumes",Extreme Fear
"China Breaks Crypto as Bitcoin Falls to $36K, ETH Drops $300 in Two Hours",Extreme Fear
"Bitcoin Falls as China Calls for Crackdown on Crypto Mining, Trading",Extreme Fear
"Capitulation City as Bitcoin Dumps to $31K, ETH to $2K Before Reversal",Extreme Fear
"Ether Climbs, Pushing Past ‘Musk Dip’ as Crypto Volatility Increases",Extreme Fear
Elon Taketh Away – Bitcoin Continues Fall as Options Traders Pile Into Puts,Extreme Fear
"Bitcoin Drops After Musk Suggests Tesla May Sell Holdings, Says It Hasn’t Yet",Fear
"Bitcoin rises 5.6% to $49,337.72",Extreme Fear
It’s ‘Doge Day Afternoon’ as Memecoin Jumps 47%; Ether and Bitcoin Rise,Fear
Bitcoin Falls for Second Straight Day After Tesla Action; Ether Follows,Fear
DeFi Tokens Aave and Uniswap Climb While ETH and BTC Dump,Fear
"Yearn, EOS Rise Over 30% While Ether and Bitcoin Eke Out Small Gains",Neutral
BTC Market Dominance Reaches the Lowest Level since July 2018,Greed
Twitter Scammers Used Elon Musk’s ‘SNL’ Appearance to Reap $100K in Crypto,Greed
‘Call Me the Dogefather’: Elon Musk Explains Crypto to SNL’s Audience,Greed
"Bitcoin Near $58K, Rises After US Jobs Miss but Lags Altcoins",Greed
Gold Rallies as Bitcoin Languishes Around $56K,Greed
"Ethereum Classic Steals Show From Bitcoin, Ether, Even DOGE",Greed
"Bitcoin, Ether Recover From Midday Market Sell-Off as the DOGE Abides",Neutral
"Ether Shoots to $3.3K While Bitcoin Hangs Below $60,000",Greed
Crypto market cap doubles to eye-popping $2.3 trillion in 3 months as mainstream adoption gets nearer,Greed
"A Bitcoin move back through to $58,000 levels would support the broader market.",Greed
Bitcoin Hits $57K After $4.2B Options Expirations; Ether Steadies at $2.7K,Greed
"Bitcoin Near $53K After Major Drop as Ether Tops $2,800 for First Time",Neutral
Bitcoin Stays Near $55K as Ether Hits Brand-New Record Price,Neutral
Bitcoin Over $55K as Ether Hits New All-Time High,Greed
Bitcoin Bounces to $54K as Ether Fees Drop Below Average in Past Week,Neutral
Bitcoin climbs 10% as cryptocurrency market attempts a comeback from last week’s plunge,Fear
"Bitcoin, BTC to USD, fell by 1.91% on Saturday. Following on from a 1.17% decline on Friday, Bitcoin ended the day at $50,161.0.",Fear
Bitcoin Steadies After $300B Market Cap Dump on Taxation Trepidation,Fear
Bitcoin Leads Price Sell-Off Across Crypto Markets as Biden Tax Plan Bites,Greed
Bitcoin in Neutral at $55.5K as Ether Continues Bull Run,Greed
"Bitcoin Flat at $56.7K, Ether Rises and It Wasn’t Dogeday’s Afternoon",Greed
Bitcoin Recovers From Sunday Slump to $56K as Doge Jumps 19%,Greed
"After yesterday’s sell-off, a Bitcoin move back through to $60,000 levels would deliver support to the broader market.",Greed
"Bitcoin Price Falls $8K to 3-Week Low, Altcoins Crash",Extreme Greed
"Bitcoin Near $62K, Recovers Slowly From Turkey Crypto Payment Ban; Dogecoin Jumps",Extreme Greed
Bitcoin Price Drops as Turkey Bans Crypto Payments Amid Currency Crisis,Extreme Greed
"Bitcoin, Ether Near Record Prices as Crypto Market Celebrates Coinbase’s First Trading Day",Extreme Greed
"Bitcoin, Ether Steady Near Record Highs, as All Eyes on Coinbase Listing",Greed
Bitcoin Near $60K as Coinbase Listing Stirs Fresh Crypto Hype,Greed
"Bullish On Bitcoin, Bloomberg Predicts $400,000 Price By 2022",Greed
Bitcoin bombshell: Crypto king may pole vault to eye popping $400k mark this year with over 6x growth,Extreme Greed
"Bitcoin should steer clear of sub-$57,000 levels. The second major support level at $57,070 should limit the downside.",Greed
"Bitcoin Near $58K, Reverses Two-Day Losses Despite Lower Trading Volume",Greed
Bloomberg Foresees Bitcoin Rallying to $400K This Year,Greed
Bitcoin Futures Premium Rises Again Despite Bitcoin’s Relatively Flat Performance,Greed
"Bitcoin, Fiat Currencies Unnerved Even as Goldman Ditches Short USD Trade",Greed
‘Satoshi’s Birthday’: April 5 Is a Day to Be Thankful for Bitcoin,Greed
Binance’s Crypto Derivatives Platform Sees Record Open Interest of $10B,Greed
Ether Jumps to All-Time High as Bitcoin Stalls Despite JPMorgan’s $130K Call,Greed
Bitcoin Stuck Below $60K; Cardano’s Sixfold 1Q Gains Led CoinDesk 20,Greed
"Bitcoin Pushes $60K as Goldman, BlackRock Moves Signal Adoption",Greed
Traders Ratchet Up Derivatives Bets as Bitcoin Mounts Rally,Extreme Greed
"Bitcoin, Ether Gain After Visa Deal as Stocks Struggle With Archegos Margin Call",Greed
"Bitcoin Breaks Out, Near $58K, After Visa Adds Support for Stablecoin USDC",Greed
"If History Is Any Indication, $200,000 Bitcoin Is Coming In 2021",Greed
Miners Are Selling More Bitcoin Than They Are Mining,Greed
Bitcoin Slips to $52K; All Eyes on Friday’s $6B Options Expiry,Neutral
"Bitcoin Traders Keep Buying the Dip, Blockchain Data Suggests",Greed
"Musk Says Teslas Can Now Be Bought Using Bitcoin That Will Be Stored, Not Turned to Fiat",Greed
"Market Wrap: Bitcoin Near $56K, Struggles With Flat Activity on Exchanges",Greed
Veteran Analyst Peter Brandt Expects Bitcoin to Reach $200K,Greed
"Barring an extended sell-off on the day, Bitcoin should steer clear of sub-$56,500 levels. The second major support level sits at $56,426.",Greed
"Barring an extended sell-off on the day, Bitcoin should steer clear of sub-$55,000 levels. The second major support level sits at $54,733.",Greed
Bitcoin Loses Steam After Briefly Touching $60K,Greed
Bitcoin Price Gets Fed Boost but Bond Yields Could Play Spoilsport: Analysts,Greed
Coinbase Registers 114.9M Shares for Public Listing,Greed
Billionaire Investor Howard Marks Warming to Bitcoin,Greed
iginex Anticipating Bitcoin Rise to $175K by End of 2021,Extreme Greed
Crypto’s next big thing raises questions while the price surges,Extreme Greed
Bitcoin’s Winning Streak Ends as Prices Struggle to Break Record,Greed
Bitcoin intraday trading pattern emerges as institutions pile in,Greed
Jack Dorsey to convert proceeds from first ever tweet's auction to bitcoin,Greed
"Bitcoin price today March 10: Suddenly spiked above 55,000 USD",Greed
"Bitcoin nears $54,000 level, highest in two weeks as big-money bets flow",Extreme Greed
Norwegian Oil Billionaire Joins the Bets on Bitcoin,Extreme Greed
"Bitcoin is not ‘overbought’, may reach $75,000 price before current bull cycle ends, says research",Extreme Greed
Goldman Sachs Sees Huge Institutional Demand for Bitcoin — 76% of Clients Say BTC Price Could Reach $100K This Year,Extreme Greed
Bitcoin Rebounds From Lows; MicroStrategy Purchases More Tokens,Extreme Greed
"Bitcoin Could Reach $1 Million or More, Kraken CEO Says",Extreme Greed
Bitcoin rebounds after being ruffled by SEC confirmation hearing,Extreme Greed
"Bitcoin rises as Citi, Goldman find crypto allure hard to resist",Extreme Greed
"Bitcoin rises 6% as risk assets rally; Citi says at a ""tipping point""",Fear
Bitcoin extends retreat from record high to hit lowest in 20 days,Greed
Bitcoin slides in worst weekly drop since march amid selloff,Greed
Biggest Bitcoin fund sinks to a discount as traders flee,Greed
JPMorgan Says Investors Could Make Bitcoin 1% of Portfolios,Extreme Greed
"Sinking Bitcoin, Tesla shares and other market favorites jolt investors",Extreme Greed
"Bitcoin extends its slide, tumbling below $50,000",Extreme Greed
"Bitcoin slumps on Monday after surging to record high of $58,354 a day earlier",Extreme Greed
Bitcoin hits fresh high,Extreme Greed
"Bitcoin surges to record $56,620, Ether follows",Extreme Greed
"Bitcoin nears $1 trillion market value as crypto jump tops stocks, gold",Extreme Greed
No 2. cryptocurrency ethereum soars to record high as bitcoin rally continues,Extreme Greed
"Bitcoin jumps to a new high above $51,700, extending its year-to-date rally to 78%",Extreme Greed
"Bitcoin breaks $50,000 for the first time as record-shattering 2021 rally extends to 74% amid Wall Street adoption",Extreme Greed
Bitcoin’s latest record run is less volatile than the 2017 boom,Extreme Greed
"Bitcoin nears $50,000 as it reaches record",Extreme Greed
Candidate for Mayor Andrew Yang Plans to Make New York City a Bitcoin Hub,Extreme Greed
Jack Dorsey and Jay Z invest 500 BTC to make Bitcoin ‘internet’s currency,Extreme Greed
"Bitcoin hits record as Mastercard, BNY Mellon embrace crypto",Extreme Greed
"Bitcoin slips below $46,000, ether hits all-time high to cross $1,800",Extreme Greed
"Elon Musk’s Tesla Invests $1.5 Billion in Bitcoin, Will Accept the Cryptocurrency for Purchases",Extreme Greed
"As Bitcoin Hits $40K, India’s Crypto Exchanges Clamp Down On Illicit Trades",Extreme Greed
"Bitcoin rally takes market cap of over 6,000 cryptocurrencies to whopping new high of $1.24 trillion",Extreme Greed
Bitcoin rally takes crypto market value to another record,Extreme Greed
Bitcoin Rises to $38.3K While Ether’s New High Takes Spotlight,Extreme Greed
"Here We Go Again... As Bitcoin Nears $40,000, Tesla CEO Elon Musk Has Sent The Dogecoin Price Sharply Higher",Extreme Greed
"Bitcoin reclaims $36,000 mark; ether hits all-time high to top $1,500",Extreme Greed
"Bitcoin Rises to $35.8K, Ether Hits New High and DeFi Crosses $28B Locked",Extreme Greed
Price of bitcoin jumps after Elon Musk says it is 'a good thing',Extreme Greed
Bitcoin Falls Back to $32K as Elon Musk’s Bio Change Fades Into Memory,Extreme Greed
World's Largest Hedge Fund Bridgewater Has Crypto Plans — Founder Ray Dalio Calls Bitcoin 'One Hell of an Invention',Extreme Greed
"Elon Musk Bitcoin tweet sparks massive rally, taking it above $35,000",Extreme Greed
"Bitcoin price back below $30,000 level, but traders stay bullish",Greed
Bitcoin Drops to $29.9K While DeFi Hits Record $29B Locked,Extreme Greed
Market Wrap: Bitcoin Slips to $30.8K While Investors Plow BTC Back Into DeFi,Greed
"Bitcoin return to $40,000 in doubt as Grayscale fund flows slow",Greed
"Believe it or not, bitcoin has become a good long-term investment",Greed
"Bitcoin Whales Grow After Price Bottoms, Analyst Says 'Coins Are Moving to Very Strong Holders'",Greed
Bitcoin’s volatile week rattles faith in Crypto resurgence,Fear
Bitcoin Slumps 10 Percent as Pullback From Record High Gathers Pace,Greed
Bitcoin Now the Most Crowded Trade – Labeled a 'Bubble' in Bank of America Survey,Extreme Greed
Bitcoin overtakes tech companies as most crowded trade: Survey,Extreme Greed
Bitcoin Struggles to Recover After Biggest Weekly Price Loss Since September,Extreme Greed
"Demand for Crypto Soars: Bitcoin Funds Break Records, Goldman Sachs Wants In",Extreme Greed
Bitcoin swings undermine CFO case for converting cash to cryptocurrency,Extreme Greed
"Bitcoin ends a choppy week of trading with prices below $40,000",Extreme Greed
"Bitcoin prices roar back towards $40,000",Extreme Greed
Bitcoin Claws Back to $36.4K While 25% of Ether Options Will Expire in March,Extreme Greed
Market Wrap: Bitcoin Hovers Around $34.2K While Options Traders Pay Up for Possible ETH Upside,Extreme Greed
Bitcoin tumbles 20% in worst crash since March,Extreme Greed
Bitcoin hits one-week low as rising U.S. yields dent rally,Extreme Greed
Bitcoin bull run continues as price soars nearly 4X in 3 months; market cap crosses $730B mark,Extreme Greed
"Bitcoin crosses $40,000 mark, doubling in less than a month",Extreme Greed
"Bitcoin tops $40,000 for first time, pushing cryptocurrency market value past $1 trillion",Extreme Greed
"As Bitcoin crosses $34,000, altcoins keep pace",Extreme Greed
"Bitcoin emergence as 'digital gold' could lift price to $146,000, says JPMorgan",Extreme Greed
"Smaller cryptocurrencies are surging after bitcoin’s wild rally took it past $34,000",Extreme Greed
"Bitcoin Surges Above $30,000 For First Time Ever",Extreme Greed
"Bitcoin Price Exceeds Record $31,000",Extreme Greed
"Bitcoin Crosses $29,000 Setting New Record For 2020 Rally",Extreme Greed
Bitcoin price quadruples amid pandemic year,Extreme Greed
"Bitcoin surges to record $28,500, quadrupling in value this year",Extreme Greed
Bitcoin performed 10 times better than gold in 2020,Extreme Greed
"Bitcoin on Longest Winning Run Since 2019 After Topping $28,000",Extreme Greed
"Bitcoin sprints over $27,000 mark; rises over $2,500 in 2 days",Extreme Greed
"Bitcoin Tops $26K for First Time, Less Than a Day After Passing $25K",Extreme Greed
"Bitcoin Tops $24.6K on Christmas Day, Sets New All-Time High",Extreme Greed
Bitcoin Crushes Doubters as 224% Rally Proves It’s Here to Stay,Extreme Greed
Bitcoin hits all-time high,Extreme Greed
Bitcoin rival surges 35% after Elon Musk tweets about it,Extreme Greed
Musk Inquires About Moving ‘Large Transactions’ to Bitcoin,Extreme Greed
"Bitcoin’s December rally continues as price breaks $24,000",Extreme Greed
"Bitcoin Price Briefly Touches $24,000",Extreme Greed
"Cryptocurrency-linked stocks surge as Bitcoin hits $23,000 milestone",Extreme Greed
"Bitcoin surges past $20,000, erasing 3 years of deep losses",Extreme Greed
"Bitcoin breaks above $20,000 for first time",Extreme Greed
Bitcoin Tests $19.5K; Ether Options Interest in Doldrums,Extreme Greed
Bitcoin Pushes Past $19.2K; Ether at 3% of BTC Price,Extreme Greed
JPMorgan Says MassMutual’s Bitcoin Foray Signals Widening Demand,Extreme Greed
Microstrategy Completes $650 Million Capital Raise to Fund More Bitcoin Purchases,Extreme Greed
169-Year-Old MassMutual Invests $100 Million in Bitcoin,Extreme Greed
MicroStrategy Is Raising Money to Buy More Bitcoin,Extreme Greed
"Bitcoin Dropped Below $18,000 This Morning—What's Next?",Extreme Greed
MicroStrategy plans to raise $400 million to buy more bitcoin,Extreme Greed
"Bitcoin could skyrocket to $300,000 by end of 2021 – ‘not out of the question’",Extreme Greed
Shark Tank's Kevin O'Leary Ready to Put 5% of His Portfolio in SEC-Approved Bitcoin ETF,Extreme Greed
"Microstrategy Buys More Bitcoin, Now Holding BTC Worth Over $780 Million in Treasury",Extreme Greed
"Bitcoin surges higher, and the IRS wants to know who’s cashing out",Extreme Greed
Bitcoin Lingers Around $19.4K While ETH/BTC Pairing Hits Bull Mode,Extreme Greed
Bitcoin Setting New Record Amid Pandemic,Extreme Greed
"Bitcoin peaks at record high close to $20,000",Extreme Greed
"Bitcoin surges to record above $19,800, topping 2017 high",Extreme Greed
"Bitcoin Soars Over 5%, Hovers Near $18,200 Mark Amid Broad Rally",Extreme Greed
China seizes £2.5billion of Bitcoin as Beijing set to 'dominate' future global economy,Extreme Greed
Indian cryptocurrency startups’ victory bigger than the price of Bitcoin,Extreme Greed
Bitcoin price plunges over 10% to stage Thanksgiving correction,Extreme Greed
"Bitcoin’s dream run expected to continue as price crosses $19,000",Extreme Greed
"Bitcoin hits $19,000 for first time in 3 years, up 37% this month",Extreme Greed
Bitcoin Briefly Drops Below $18K While ETH Uncouples From BTC,Extreme Greed
"Bitcoin revival unleashes animal spirits and $300,000 forecast",Extreme Greed
Paypal Bought 70% of All Newly Mined Bitcoin Last Month as Demand Rockets,Extreme Greed
Bitcoin Hits $18.8K as Total Crypto Locked in DeFi Passes $14B,Extreme Greed
Bitcoin Hangs Around $18K While Ether Locked in DeFi Declines,Extreme Greed
"Bitcoin Extends Bull Run, Jumps 10% To Touch $18,450 Mark",Extreme Greed
"Bitcoin tops $17,000 for first time since December 2017",Extreme Greed
Bitcoin Surges As Cryptocurrency Reaches An All Time High,Extreme Greed
This bitcoin mining pool threatens to betray the project’s core principles,Extreme Greed
Bitcoin Rally Falters as Price Drops Below $16K,Extreme Greed
Bitcoin Fails to Reach $16.5K; Wrapped BTC Hits $2 Billion,Extreme Greed
Bitcoin Price Breaks Above $16K for First Time in 3 Years,Extreme Greed
Bitcoin Fails to Break $15.9K; Over 50K ETH Staked on Eth 2.0 Contract,Extreme Greed
Bitcoin Flat at $15.3K; Crypto Locked in DeFi at All-Time High,Extreme Greed
"Bitcoin Hits Technical Hurdle After Failing to Breach $16,000",Extreme Greed
Bitcoin as Alternative to Gold: JPMorgan Report,Extreme Greed
Veteran Investor Bill Miller Says Every Major Investment Bank Will Own Bitcoin or Something Like It,Extreme Greed
"Resistance Is Futile as Bitcoin Breaches $15K, Crypto Gets Greedy",Extreme Greed
"Bitcoin Jumps Above $14.5K, Taking 2020 Gains to Over 100%",Greed
Bitcoin Jumps to $14.2K; Ethereum Gas Usage Grows 113% YTD,Greed
"Bitcoin Just Rocketed Over $14,000",Greed
Bitcoin Revisits $13.5K After Posting Best Month Since April,Greed
Bitcoin Is Back Trading Near Three-Year Highs,Greed
"Bitcoin hits $14,000 for the first time since early 2018",Greed
Bitcoin Tests $13.6K as DeFi Total Value Locked Dips Below $11B,Greed
PayPal Gets Into Bitcoin But Draws Mixed Response,Greed
"Bitcoin price sees pullback, but bulls still marching toward $20K",Greed
"Bitcoin Jumps to $13.7K, Nearing 2019’s High; Ether Volatility Reverses Course",Greed
PayPal launches Crypto service as institutions keep betting on Bitcoin,Greed
PayPal’s Bitcoin Strategy Is Not About Bitcoin,Extreme Greed
JPMorgan turns bullish on Bitcoin citing ‘potential long-term upside’,Greed
Bitcoin Pulls Back From $13K While Ether Falls on DeFi Cooling,Greed
Bitcoin surges to a 2020 high on PayPal’s embrace,Greed
Bitcoin prices surge to highest since 2018,Greed
Bitcoin Price Breaches $12K for First Time Since August,Greed
Bitcoin Bounces to $11.8K; Over 10K BTC Locked in Harvest Finance,Greed
"Bitcoin Adoption Soars in Turkey Amid High Inflation, Lira Hitting Record Low",Greed
"Institutions Take Record Bullish Bets in Bitcoin Futures, Shrugging Off Exchange Missteps",Greed
$22M in Bitcoin moves from Huobi to OKEx despite withdrawal freeze,Neutral
Bitcoin Remains Weak During Quiet Trading Week,Greed
Bitcoin Slips to $11.2K; Uniswap Flows Dominate Ether,Neutral
Stimulus Winning as Biden Surges in Polls and Bitcoin Eyes $12K,Greed
Bitcoin Down 1% After Biggest Weekly Price Gain Since July,Neutral
More investors HODL Bitcoin in anticipation of a 2021 BTC bull market,Greed
"Bitcoin runs crypto markets, but DeFi tokens don’t follow its lead",Neutral
Bitcoin Hits $11K as Square Exposes $2.3T Corporate Money Pot,Neutral
Square buys $50 million in bitcoin as part of larger investment in cryptocurrency,Fear
Analysts Can’t Agree on What Prompted Big Spike in New Bitcoin Addresses,Fear
"Bitcoin To Hit $100,000 in Five Years as Demand and Adoption Increase",Neutral
Bitcoin Gains Steadily to $10.7K; Ethereum Fees at 2-Month Low,Fear
"Bitcoin Volatility Hits 23-Month Low as the Cryptocurrency Shrugs Off BitMEX, Trump’s Illness",Fear
Bitcoin’s rising correlation with stocks debunks haven narrative,Fear
Satoshi Nakaboto: ‘Ethereum miners were 6x more profitable than Bitcoin miners in September’,Fear
Bitcoin Posts Biggest Monthly Price Loss Since March,Fear
Bitcoin price risks even bigger pullback in Q4 after sharp rejections ,Neutral
Market Wrap: Bitcoin Holds at $10.7K; Uniswap Volume Drops,Fear
Market Wrap: Bitcoin Hits $10.9K; Ether Options Signal Short-Term Volatility,Fear
"Bitcoin Sets Record 63 Straight Days Closing Above $10,000",Neutral
Bitcoin Miners Are Using New Strategies to Hedge Risks,Fear
Market Wrap: Bitcoin Sticks to $10.7K; DeFi Site dForce Doubles TVL in 24 Hours,Fear
"Bitcoin price ‘worst-case scenario’ is now $7,000 — trader Tone Vays",Fear
Market Wrap: Bitcoin Drops to $10.2K; Scaling Solution xDai Doubles in Value Locked,Fear
Market Wrap: Bitcoin Clings to $10.4K; Ether in Smart Contracts Highest Since 2016,Fear
"Market Wrap: Bitcoin Dips to $10.1K, Ether Drops to $330 on Sell-Off Session",Neutral
World’s largest sovereign wealth fund indirectly holds almost 600 Bitcoin,Neutral
"Market Outlook: Bitcoin Breaks $11K, Whales Refuse to Sell, Downside Risk Remains",Neutral
Bitcoin Rises Back to $11K Despite Signs of Indecision in the Market,Neutral
Bitcoin Supply on Ethereum Tops $1B,Neutral
"All Eyes on Fed Reserve Rate Announcement, as Bitcoin Fights for $11K",Fear
"MicroStrategy Buys $175M More in Bitcoin, Upping BTC Holdings to $425M",Neutral
Market Wrap: Bitcoin Passes $10.7K; Ethereum Gas Usage Hits Record September Highs,Fear
Bitcoin and APMs Continue to Gain Popularity,Fear
"Bitcoin whale cluster at $10,570 is the most important level right now",Fear
Bitcoin Holds Firm Above $10K but Strong Bounce Proves Elusive,Fear
Square Launches Cryptocurrency Open Patent Alliance To Protect Innovation,Fear
Correlation between bitcoin and S&P500 nears all time high,Fear
Bitcoin and Ethereum HODLers Step in to Save Market,Fear
"Investors Buying Bitcoin Amid Price Slump to Near $10K, Data Shows",Fear
Bitcoin Dominance Slides Losing 10% in the Last 100 Days,Fear
Bitcoin’s Plummet Isn’t All Doom And Gloom,Fear
"V-Shaped Recovery From Bitcoin’s Biggest Drop Since March Unlikely, Say Analysts",Fear
Bitcoin Risks Deeper Price Pullback as Exchange Inflows Spike,Extreme Greed
Market Wrap: Bitcoin Falls to $11.1K; Ethereum Miners at Record Fee Percentage,Extreme Greed
Market Wrap: Bitcoin Breaks $12K; Uniswap Crosses $1.5B Locked,Greed
Market Wrap: Bitcoin Over $11.7K; Uniswap Passes $500M in Daily Volume,Greed
Bitcoin Grows Up: How Companies Involved in Blockchain Are Going Through a Security Maturity Curve,Greed
History shows Bitcoin price may take 3-12 months to finally break $20K,Extreme Greed
Bitcoin daily chart alert - Bulls stabilize market late this week,Greed
Bitcoin’s Powell-Induced Price Swing; Ethereum Still High on Gas,Greed
Bitcoin Drop Squeezes Out Weak Derivatives Positions – And That May Be a Good Thing,Extreme Greed
Bitcoin Dips to $11.1K; Ether Mining Difficulty at Year High,Greed
"Bitcoin Above $11,500, Ethereum Above $380",Extreme Greed
Bitcoin Price Manipulators Watch Closely as BTC Loses Bullish Momentum,Extreme Greed
Digital Dollar To Be ‘In Competition’ With Bitcoin,Extreme Greed
"Bitcoin, Ethereum Hit Milestone Levels",Extreme Greed
Bitcoin Market Is Looking ‘Like Early 2016’—Just Before The Bitcoin Price Exploded,Greed
Bitcoin’s Bull Run Is Slowing – Pullback Now Expected,Extreme Greed
Bitcoin price hits 2020 record as investors turn to cryptocurrency during pandemic,Extreme Greed
Bitcoin Prices Climb To Their Highest In More Than A Year,Extreme Greed
Bitcoin ‘Whale Clusters’ Show $14K as Pivotal for BTC Price Bull Run,Extreme Greed
Bitcoins Are Being Tokenized Faster Than They’re Mined as DeFi Craze Continues,Extreme Greed
Bitcoin Bounces to $11.8K as Ether Option Traders Go Bearish,Extreme Greed
Bitcoin Recovers From $11.3K Despite Losses in European Stocks,Greed
Bitcoin and Gold Correlation Reaches Record High 70,Greed
Software firm MicroStrategy makes a massive bet on Bitcoin with a $250 million purchase,Extreme Greed
"BTC Trend Targets $15K, Bitcoin Bull Raoul Pal 'Irresponsibly Long'",Extreme Greed
"After Bitcoin ‘Betrayal,’ Goldman Sachs Is Suddenly Betting Big On Crypto And Blockchain",Extreme Greed
Bitcoin Will 'Reset' Big Banking... And a Lot More,Extreme Greed
Bitcoin Dips to $11.5K; Cardano Is Making a Big DeFi Move,Extreme Greed
Bitcoin Price Nears $12K Again as Gold Correlation Hits Record,Extreme Greed
Bitcoin Price Rises 3% as Gold Trades Above $2K for First Time,Greed
"Bitcoin Tests $12,000 Mark as Decentralized Finance Surpasses $4 Billion",Greed
"Bitcoin Investors Unshaken by Sunday’s Flash Crash, Data Suggests",Greed
Flash Crash: Bitcoin Price Slides by $1.4K in Minutes,Extreme Greed
"Bitcoin Crosses $11,400 Mark, Beats Major Indexes In July Gains",Greed
"Bitcoin Pushes to $11,450, DeFi Value Locked Now at $4B",Greed
"Dollar Falls to Lowest Level in Over 2 Years While Gold, Silver, Bitcoin Continue to Shine",Extreme Greed
Bitcoin Looks Overbought but Analysts Play Down Drop Fears,Greed
Bitcoin’s Price and Ether’s Dominance Sit at 2020 Highs,Extreme Greed
"Bitcoin Blasts Past $10,000; Ethereum Fees Up 550% in 2020",Greed
Popular Indian Youtube Channel Hacked to Promote Bitcoin Giveaway Scam,Greed
Bitcoin rises after court rules it's a form of money; Apple cofounder sues Google over cryptocurrency scam,Greed
"Bitcoin Near $9,600 as Gold Hits High, Uniswap Liquidity Over $100M",Neutral
Bitcoin's Dominance Ratio Drops to Lowest Level in 12 Months,Greed
Twitter hack ‘proved bitcoin’s transparency,Neutral
"Bitcoin Briefly Pops Above $9,400 as Global Stocks Rally",Fear
"Coinbase says it halted more than $280,000 in bitcoin transactions during Twitter hack",Fear
"Bitcoin Has Been Really Stable, Say Binance CEO",Fear
"Bill Gates, Barack Obama and Jeff Bezos' Twitter Accounts Hacked in Bitcoin Scam",Fear
"Hackers who targeted some of Twitter's top users reap bitcoin worth $120,000",Fear
Bitcoin Miner Supply Sent to Exchanges Fell to 12-Month Lows in Q2 2020,Fear
"Twitter Hack Hits Obama, Biden, Musk in Bitcoin Scam",Fear
Bitcoin Volatility Metrics Are Like November 2018 All Over Again,Fear
"Bitcoin Difficulty Touches All-Time High, 120 Exahash of Hashpower Remains Strong",Fear
DeFi Boom Has Saved Bitcoin From Plummeting,Fear
"Bitcoin Price Ready for $10K Retest as Algorand, Tezos Continue Surge",Fear
Bitcoin Reaches Record High Correlation to S&P 500,Fear
"Stocks Tick Downward and so Does Bitcoin, to $9,200",Fear
"As Gold Hits 9-Year High, Bitcoin Eyes Price Breakout",Fear
Nearly $60M in Bitcoin Moved to Ethereum in June,Fear
"As Stocks Rally, Bitcoin Trades Above $9.3K for the First Time in 10 Days",Fear
"Crypto Markets Are Maturing, but Gen Z Is Rewriting How Markets Work",Fear
"Over 2,500 Austrian Merchants Can Now Accept Cryptocurrency Payments",Fear
Bitcoin’s Price Correlation With S&P 500 Hits Record Highs,Fear
"Bitcoin Briefly Breaks Below $9K, but Markets Remain Comatose",Fear
"As Traditional Markets Rally, Bitcoin Gets Boring",Fear
Bitcoin Still Up 27% This Year Despite Dismal June Performance,Fear
"Bitcoin Facing Greater Price Volatility Than Ether in Q3, Options Market Data Suggests",Fear
PayPal Deal Won’t Drive Bitcoin Price Higher,Fear
"Jim Rogers, Mark Cuban, Peter Schiff Will 'Go All-In' on Bitcoin, Says Max Keiser",Fear
"Bitcoin Dropping to $6K ‘Golden Pocket’ Isn’t Bearish, Says Trader",Fear
Bitcoin Tests $9K as Market Struggles With Uncertainty,Fear
A Sea of Red Across Markets as Bitcoin Drops to $9.2K,Neutral
PayPal Bitcoin Rumor Boosts $12K BTC Price Rally Chances,Fear
Bitcoin Sees Small Gain as Gold Rallies to One-Month High,Fear
Trump Says China Controls Bitcoin—Yet His Administration Supports It,Fear
"Only 3.5 Million Bitcoin Is Traded Worldwide; Majority of BTC Held Long-Term as Digital Gold
",Fear
Bitcoin Spot Volumes Are Weak While Options and DeFi Strengthen,Fear
"Bitcoin Still Undervalued After Q2 Rally, Price Metric Shows",Fear
Bitcoin Flat at $9.4K but Investors Are Holding On,Fear
Bitcoin Rises to $9.6K as Stocks Cheer Additional US Stimulus Plans,Fear
"Bitcoin Price Drop May Be a Bear Trap, Options Market Suggests",Fear
Bitcoin Price Near ‘Monster Move’ After Weeks of Range Trading: Analyst,Fear
Bitcoin Price Drop to Key $9K Support Could Place the Uptrend in Peril,Fear
Bitcoin Is Still Up 30% in 2020 After a Bumpy Week,Fear
Bitcoin Stuck Below $10K as Stocks Drop,Neutral
Bitcoin Briefly Pops Past $10K as Fed Says Rates May Stay Near 0% Until 2022,Neutral
DeFi Is Helping Ether Outpace Bitcoin This Year,Neutral
Bitcoin Remains on Hunt for $10K as Holding Sentiment Gains Strength,Neutral
Bitcoin’s Short-Lived Spike; Russia Gets Tougher On Crypto,Neutral
Bitcoin Supply Is Limited By More Than Just The Halvings,Neutral
Bitcoin Flat as Stocks Swell on Positive Jobs Report,Neutral
"Bitcoin Closing in on $9,900 as Crypto Market Volatility Persists",Neutral
A Bitcoin Lull as Stocks Signal Economic Optimism,Neutral
Bitcoin’s Price Drops by 8% in Less Than 5 Minutes,Greed
"As Bitcoin Steadies, Oil’s Turmoil Continues",Neutral
"Crypto Funds in Demand, Institutions See Bitcoin as Alternative Hedge",Neutral
China Passes Law Protecting Cryptocurrency Inheritance,Neutral
"Bitcoin Slides, Stocks Tread Water on Trump China Comments",Neutral
"Short Seller Liquidations Help Push Bitcoin Beyond $9,500",Fear
"Bitcoin’s Bounce Back Over $9,000 Masks a Potential Downtrend",Fear
"Bitcoin Can’t Stick to $9,000 While Stocks Rally",Fear
"As Bitcoin Falls to 2-Week Lows, Small Investors Look to Be Buying",Fear
"Historical Data Shows Housing Market Will Boom After The 2020 Crisis, And Bitcoin Might Too",Fear
Bitcoin Miners Will Use Derivatives Like Traditional Commodity Producers,Fear
"Bulls fade a bit, need to step up",Fear
"Bitcoin Crashes Under $9,000 As Sudden Sell-Off Surprises Market",Neutral
"Bitcoin Rebounds to $9,500 After Scary Sell-Off",Neutral
Price targets for the next Bitcoin bull run,Neutral
Bitcoin Stuck in High $9K Range as Stocks Soar on Powell Comments,Neutral
Playing Bitcoin And Gold Rally Through Equities,Fear
Bitcoin Is Invading Decentralized Finance On The Ethereum Network,Fear
Bitcoin Dips as Stock Markets Close Lower on the Week,Fear
Bitcoin’s Price Up 12% Since the Halving,Fear
Bitcoin Is Suddenly Back On The Move,Fear
Bitcoin’s Price Is Rising Despite a Dull Halving,Fear
Bitcoin’s 8% Drop Triggers Largest Liquidation on BitMEX in 2 Months,Fear
"Bitcoin Briefly Topped $10,000; Bitcoin Exchange-Traded Product Now Live, Aye",Neutral
Coinbase Suffers Brief Outage as Bitcoin Tumbles 10% in 30 Minutes,Greed
"Interest in Bitcoin Rises as Prices Near $10K, but Can It Continue?",Greed
Bitcoin Breaches $10K for First Time Since February,Neutral
Bitcoin Breaches $9.2K as Open Positions on CME Futures Hit 10-Month High,Fear
"Bitcoin Briefly Hits $9K, Investors Remain Bullish",Fear
"Bitcoin Price May Drop After Halving, Historical Data Shows",Fear
Bitcoin continues to rise as some predict a bull run,Fear
Bitcoin Rally Above $9K Stalls as Sellers Push BTC Back to Key Support,Fear
May Opens With Equities Lower While Bitcoin Steady at $8.7K,Fear
There’s a Bright Side to Bitcoin’s Drop on Worsening Unemployment,Fear
"Bitcoin Rises Above $8.1K, Clinching an April Gain for Fifth Year Running",Fear
Bitcoin Rally Pauses Near $7.8K After Longest Winning Run in 8 Months,Fear
Ether Trounces Bitcoin as Network Sees Surge in Stablecoins,Fear
Bitcoin Hits April High; Crypto Portfolios Get Stimulus Injection,Extreme Fear
Twitter CEO Jack Dorsey Calls Bitcoin Whitepaper 'Poetry',Extreme Fear
Bitcoin Steady at $7.5K as Short Sellers Back Off,Extreme Fear
"Bitcoin Crosses $7,500 As Investors HODL Before Halving Event",Extreme Fear
Bitcoin Approaches $7K as US Passes New $480B Stimulus Package,Extreme Fear
Crude oil futures crash leaves bitcoin unscathed,Extreme Fear
Bitcoin Volatility at 3-Month Low as Market Awaits Big Price Move,Extreme Fear
New Research Says Bitcoin Price Jumps in Response to News of Clear Regulation,Extreme Fear
Bitcoin Price Hits $7.3K in Attempt to Finally Break Out,Extreme Fear
Crypto Traders Warn Big Bitcoin Price Plunge Is Around the Corner After Stagnancy ,Extreme Fear
Bitcoin Hits $7K Amid Warning $2K US Payouts Make Fiat ‘Hard to Value’,Extreme Fear
Bitcoin Price Volatility Declines in Contrast to S&P 500,Extreme Fear
Bitcoin Tests $7K as Spot Trading Volumes Subside to Normal Levels,Extreme Fear
Bitcoin Drops as Traders See Bearish Signals in Futures Markets,Extreme Fear
May’s Bitcoin Rewards Halving Will Force Weak Miners Off the Network,Extreme Fear
Bitcoin Lost $7K Support Right After 1000 BTC Huobi Deposit — Data,Extreme Fear
New York Power Plant Sells 30% of Its Bitcoin Mining Hashrate to Institutional Buyers,Extreme Fear
Bitcoin’s Bull Case Strengthens After Breaching Price Hurdle at $7.1K,Extreme Fear
Bitcoin Price Holds $7.1K Amid More Warnings a $5K Retest Is Coming,Extreme Fear
Bitcoin Tracks Stocks Up to $7.4K Before Sliding Back to $7.1K,Extreme Fear
"Bitcoin, Equities Markets Rally on Signs of Hope",Extreme Fear
Bitcoin trading volume on exchanges grew 61 percent in Q1 compared to previous quarte,Extreme Fear
"High-Profile Crypto Whale Says Bitcoin (BTC) in the Crosshairs, Predicts Massive Economic Shockwaves Ahead",Extreme Fear
Bitcoin Extends Rally as Trading Volume for CME Futures Hits Three-Week High,Extreme Fear
Bitcoin Enters Historically Strong Quarter With 3% Price Gain,Extreme Fear
"Bitcoin Takes Tumble, Traders Fret Correlation and Next Month’s Halving",Extreme Fear
"Bitcoin Ends Q1 Down 10%, Outperforming Equities in Coronavirus Crisis",Extreme Fear
Bitcoin Diverges From Falling Equities With $500 Price Rise,Extreme Fear
Congress Flirts With Digital Dollar; Crypto’s Hiring Boom,Extreme Fear
Bitcoin Price Drops to $6.1K Shortly After Equities Markets Close Red,Extreme Fear
Bitcoin and Ether Prices Stagnate as Traders Take Wait-and-See Approach,Extreme Fear
Bitcoin in Rangebound Trading as Equity Markets Fail to See Stimulus Boost,Extreme Fear
Bitcoin Mining Difficulty Posts Second-Biggest Percentage Drop in Its History,Extreme Fear
"Stocks, Bitcoin Rally on Prospects for US Senate Stimulus Bill",Extreme Fear
Bearish ‘Death Cross’ Price Patterns Loom for Both Bitcoin and US Stocks,Extreme Fear
"Bitcoin Steady Above $6,000, But Is It The Calm Before The Storm?",Extreme Fear
"As This Crisis Worsens, Bitcoin Will Become a Safe Haven Again",Extreme Fear
Bitcoin Claws Back Over 40% of Recent Price Sell-off With Surge Above $6.8K,Extreme Fear
Bitcoin Sees 9% Gain as Turmoil Hits the Forex Markets,Extreme Fear
Bitcoin Faces Another Down Day as Equities Reject Stimulus Effort,Extreme Fear
"Bitcoin Is Now Undervalued, Suggests This Price Metric",Extreme Fear
Bitcoin Volume Gains Traction After 24-Hour Roller-Coaster Ride,Extreme Fear
"Bitcoin, gold rally as Fed slashes federal funds rate",Extreme Fear
Bitcoin Price Crashing Due to Coronavirus Fear but Will BTC Hit $2K?,Extreme Fear
Bitcoin Ekes Out Gains but Remains in Red Amid Broader Market Rebound,Extreme Fear
Bitcoin Falls Below $5K as Market Pain Deepens,Extreme Fear
Bitcoin Falls Below $5K as Market Pain Deepens,Extreme Fear
Bitcoin Back Over $8K as Traditional Markets Rebound,Extreme Fear
"Bitcoin breaks below $8k, wipes out most 2020 gains amid global meltdown",Extreme Fear
Bitcoin Slides Another 10% but Don’t Break Out the $4K Charts Just Yet,Fear
"Bitcoin Just Printed a “Darth Maul” Candle at $9,000",Fear
"Bitcoin’s Price Steady Over $9,000 as Sentiment Stays Positive",Fear
"Bitcoin Stays Above $9,000 in US Trading",Fear
Bitcoin Remains Steady Amid Weaker Volume,Fear
Bitcoin Makes 4.5% Gain as Sellers Lose Steam,Fear
Bitcoin Rallies After Biggest Weekly Drop Since November,Fear
"""I don't own any cryptocurrency,"" clarified Buffett",Fear
Bitcoin Price Stabilizes as Gold Experiences Worst Drop Since 2013,Fear
Millennials ‘will invest inheritances in bitcoin’,Fear
"Bitcoin drops below $9,000 in correction from mid-month peak",Fear
If Billionaire Investor Warren Buffett Ever Buys Bitcoin You Should Probably Sell,Fear
Bitcoin Faces Further Losses if Bulls Can’t Disrupt Bearish Chart Pattern,Fear
$10K Proving a Tough Nut to Crack for Bitcoin’s Bulls,Fear
Sold! Last Week the US Marshals Auctioned Off Over 4000 Bitcoin,Fear
"Even With Blockchain-Friendly Advisors, President Submits Budget Without Support For The Tech",Fear
Bitcoin Chart Indicator Flips Bearish as Price Sees Weak Bounce From $9.4K,Fear
Bitcoin Traps Buyers With Biggest Daily Price Loss in Three Months,Fear
Bitcoin Slides Back Below $10K Amid Quick Bearish Sell-Off,Neutral
Golden Cross Gives Little Relief as Bitcoin Risks Fall Below 2020 Bullish Trendline,Neutral
Low-Volume Bitcoin Pullback Stalls at Price Support Near $9.6K,Neutral
Blow To Bitcoin As ‘Significant’ U.S. Crypto Crackdown Suddenly Revealed,Greed
Bitcoin Price Stabilizing Above $10K With $11.6K Futures Gap in Sight,Greed
Bitcoin Closing on Daily Golden Cross That Could Bring Boost to 2020 Price Rally,Greed
"Bitcoin Price Suddenly Drops $300 in 1 Hour After $10,500 Rejection",Greed
Bitcoin Most ‘Overbought’ in 2 Years After Price Rises Back Above $10K,Greed
"Bitcoin Price Rebounds Strongly With $11,000 in Sight",Neutral
Bitcoin Takes a Dive After the Longest Daily Winning Run Since September,Greed
"Bitcoin Breaks Above $10,000 in Spot Market",Greed
Coinbase Says Bitcoin Will Become Closer to Digital Gold in 93 Days,Greed
Bitcoin Has Erased Over 45% of 2019 Sell-Off in Just 7 Weeks,Greed
"Bitcoin’s Uptrend Is Gaining Steam and Many Altcoins Are Surging, Too",Greed
"Bitcoin Rises Above $9,700 to Reach Highest Point in 3 Months",Neutral
Bitcoin SV Sees Minor Split as Blockchain Shifts to ‘Genesis’ Upgrade,Greed
Bitcoin Price Spikes to 3-Month High as Bull Cross Approaches,Greed
Strong performance by specialist crypto funds has whetted traders’ appetites,Greed
Bitcoin sees its best January in 7 years as Halvening nears,Greed
Bitcoin Heads Into Historically Positive February on a Bullish Note,Greed
"Bitcoin Reinforces Latest Rally With Defense of $9,200 Price Support",Greed
Bitcoin Eyes Best January Close in 7 Years After 30% Price Increase,Greed
"Bitcoin Rallies to Near $9,150 as Stocks Drop Over Coronavirus Fears",Neutral
Bitcoin Eyes $8.8K After Largely Erasing Last Week’s Dip,Neutral
Falling Wedge Breakout on 4H,Fear
Number of Non-Zero Bitcoin Addresses Hits All Time Highs,Fear
Attempting Falling Wedge Breakout,Fear
"Bitcoin Price Returns Beneath $8,500 Level, Solid Barrier Accelerates Sell-off",Neutral
Bitcoin Bulls Seek Stronger Move After Bounce to $8.8K Loses Momentum,Neutral
Bitcoin’s Price is Set to Climb Exponentially If This Fractal Plays Out,Neutral
"After Sudden 8% Drop, Bitcoin Bulls Must Defend Price Support at $8,460",Neutral
"$97,000,000,000 in Bitcoin (BTC) Has Not Moved in 365 Days",Neutral
"Bitcoin Price Ready to Push Above Key Resistance to Hit $10,000",Neutral
Bitcoin Falls Back After Briefly Breaking $9k Resistance,Neutral
Bitcoin Market Turns Indecisive at Two-Month High,Greed
Bitcoin Eyes $9K After Biggest Single-Day Rise in a Month,Neutral
Bitcoin Reaches Its Highest In More Than 2 Months,Greed
Bitcoin Makes Biggest Weekly Price Gain Since October,Neutral
"Dash Surges by Over 16% as Bitcoin Price Hovers at $8,100",Fear
Bitcoin Price Is on the Verge of Breaking 7-Month Downtrend,Neutral
Bitcoin Volatility Approached A 2019 Low In December,Fear
Bitcoin’s Bull Bias Intact Despite 6 Percent Price Pullback,Fear
"Bitcoin Price Will Be Golden in 2020 Thanks to Limited Supply, Increasing Use",Neutral
Bitcoin Probes Major Resistance After 15 Percent Price Rally,Fear
Bitcoin Price Jumps $200 in One Hour,Fear
"Bitcoin Is Ancient Technology, As Ford Model T For Cars",Fear
Crypto Fundraising Is Changing Again in 2020,Fear
"Bitcoin Jumps 5%, Gaining With Gold, After US Kills Top Iranian Official",Fear
Bitcoin Rebounds Sharply Following U.S. Strike On Iran’s General Qasem Soleimani,Fear
Bitcoin Mining Industry Gets a Boost in China at Wasteful Energy Demonstration,Fear
Number of Israeli Blockchain Companies Grew by 32% in 2019,Fear
Bitcoin Believers Expect 2020 Rally as a Reward for Halving,Fear
Bitcoin Price Could Rally to $9K Before a Massive Collapse,Fear
Coinbase Is Working On Some Exciting New Bitcoin Tech,Fear
Best investments of the decade: from Netflix to Bitcoin to palladium,Fear
"Bitcoin follows laws, miners have incentives to enforce",Fear
Bitcoin's 'Halving' Is About to Shake Cryptocurrency Markets,Extreme Fear
American Cancer Society Now Accepting Bitcoin Donations Through BitPay,Extreme Fear
"Bitcoin price gets Christmas boost, as cryptocurrency markets rise by billions",Fear
"Deloitte Warns 4,000,000 Bitcoin Worth $28.6 Billion Vulnerable to Quantum Attack",Extreme Fear
"Turning $10 to $90,000: Bitcoin Was the Best Investment of the Decade",Extreme Fear
Bitcoin Price Set to Outshine Gold and Stocks by Big Margin in 2019,Extreme Fear
"Bitcoin Price Jumps 10%, But Bull Reversal Still $700 Away",Extreme Fear
Bitcoin Drops Below Major Price Support for First Time Since May,Extreme Fear
"Crypto markets lose millions as Bitcoin slips below $7,000",Extreme Fear
"A Year After Bottoming Out at $3,100, Bitcoin Is Up 127%",Extreme Fear
This alleged Bitcoin scam looked a lot like a pyramid scheme,Extreme Fear
Bitcoin SV’s situation in the German-speaking countries,Fear
Bitcoin Risks Deeper Drop After Shallow Price Bounce,Extreme Fear
"Bitcoin whales get ever bigger, threatening increased volatility",Extreme Fear
China’s bitcoin miners have greater production power,Extreme Fear
"Bitcoin Halving Could Leave Price at $20K-$50K, Hedge Fund Manager Says",Fear
Bitcoin Charts First Weekly Golden Cross in 3.5 Years,Fear
Deutsche Bank Strategist Predicts Crypto Could Replace Fiat Money,Fear
"Bitcoin Volatility Is Up, Liquidity Stagnant",Fear
"Key Bitcoin Price Indicator Turns Bearish, But It May Not Be Bad News",Fear
Bitcoin’s Rejection at Key Price Hurdle Puts Short-Term Bull Trend at Risk,Extreme Fear
Bitcoin No Longer Looks Like ‘Digital Gold’ by One Measur,Extreme Fear
Bitcoin to See Return of Bull Cross That Marked Onset of 2016-17 Price Rally,Fear
Bitcoin Price: Cracking $7.4K Opens Path to $8.1K Resistance,Fear
"Despite Bitcoin's Price Drop, High-Powered Mining Rigs Still Profit",Extreme Fear
459 Days Until BTC Hits Its Longest Streak Without a New All-Time High,Fear
Bitcoin Price Hits Tipping Point Above $7.6K — Pivotal Weekend Ahead,Fear
"Bitcoin Eyes $7,800 After Biggest Daily Price Gain in a Month",Fear
"Bitcoin Is Looking at a Short-Term Bull Reversal if Prices Pass $7,400",Extreme Fear
Bitcoin has crashed again – little wonder as it fails every test to be considered a currency,Extreme Fear
"Bitcoin sinks to lowest level since May, falling $3,000 in a month as China accelerates crackdown",Extreme Fear
"Bitcoin slumps below $7,000 mark for first time in 6 months",Extreme Fear
Crypto cynic Peter Schiff predicts bitcoin may fall to $1000.,Extreme Fear
Bitcoin plummets to a six-month low on China crackdown,Extreme Fear
PayPal CEO Holds Bitcoin and Only Bitcoin,Fear
Bitcoin Erases 75% of October Price Rally as S&P 500 Hits Record Highs,Fear
Bitcoin Price Faces Deeper Dive as Bear Cross Confirmed,Fear
"Bitcoin Tumbles 4.7%, Most in Two Months, as China-Fueled Enthusiasm Wanes",Fear
‘Extremely Dangerous’ — Bobby Lee Regrets Backing Bitcoin SegWit2x,Fear
"Bitcoin would need to soar 1,670% to make an ETF possible, strategist Tom Lee says",Fear
Bitcoin Falls Through Key Average as Traditional Markets Hit Record Highs,Fear
Bitcoin Hovers Near Price Support as Long-Term Bear Cross Looms,Fear
Bitcoin Trading Surges as Malaysia Mulls Cash Payment Limit,Fear
"Bitcoin Price ‘Ranging’ Continues as Trader Says $8,400 Could Be Next",Fear
Bitcoin Price Faces Drop to $8.5K After Consecutive Weekly Losses,Fear
Bitcoin Prices Surged Close To 4% In Under 10 Minutes,Fear
Are Bitcoin and Other Cryptos Back in a Bear Market After Latest Drop?,Fear
"Bitcoin Falls 4.3%, Slipping Below $9,000 for First Time in Two Weeks",Fear
China leaves bitcoin mining out of list of restricted activities,Neutral
November has historically been Bitcoin’s best performing month; will this one be different?,Neutral
"Crypto Community Not Convinced “One Whale” Pumped Bitcoin to $20,000",Neutral
"Bitcoin Soars Above $10,000 as China Embraces Blockchain",Neutral
"Bitcoin Price Will See $16,000 ‘Soon-Ish,’ Predicts Binance CEO CZ",Greed
Ether and Bitcoin Price Look for Direction After Last Week’s 42% Rally,Neutral
"Bitcoins Defense of Major Support May Fuel Price Bounce to $9,600",Neutral
,
,
,
,
,
,
,
,
,
,
,
,
,
,
,
,
,
,
,
,
,
,
,
,
,
,
,
,
,
,
,
,
,
,
,
,
,
,
,
,
,
,
,
,
,
,
,
,
,
,
,
,
,
,
,
,
,
,
,
,
,
,
,
,
,
,
,
,
,
,
,
,
,
,
,
,
,
,
,
,
,
,
,
,
,
,
,
,
,
,
,
,
,
,
,
,
,
,
,
,
,
,
,
,
,
,
,
,
,
,
,
,
,
,
,
,
,
,
,
,
,
,
,
,
,
,
,
,
,
,
,
,
,
,
,
,
,
,
,
,
,
,
,
,
,
,
,
,
,
,
,
,
,
,
,
,
,
,
,
,
,
,
,
,
,
,
,
,
,
,
,
,
,
,
,
,
,
,
,
,
,
,
,
,
,
,
,
,
,
,
,
,
,
,
,
,
,
,
,
,
,
,
,
,
,
,
,
,
,
,
,
,
,
,
,
,
,
,
,
,
,
,
,
,
,
,
,
,
,
,
,
,
,
,
,
,
,
,
,
,
,
,
,
,
,
,
,
,
,
,
,
,
,
,
,
,
,
,
,
,
,
,
,
,
,
,
,
,
,
,
,
,
,
,
,
,
,
,
,
,
,
,
,
,
,
,
,
,
,
,
,
,
,
,
,
,
,
,
,
,
,
,
,
,
,
,
,
,
,
,
,
,
,
,
,
,
,
,
,
,
,
,
,
,
,
,
,
,
,
,
,
,
,
,
,
,
,
,
,
,
,
,
,
,
,
,
,
,
,
,
,
,
,
,
,
,
,
,
,
,
,
,
,
,
,
,
,
,
,
,
,
,
,
,
,
,
,
,
,
,
,
,
,
,
,
,
,
,
,
,
,
,
,
,
,
,
,
,
,
,
,
,
,
,
,
,
,
,
,
,
,
,
,
,
,
,
,
,
,
,
,
,
,
,
,
,
,
,
,
,
,
,
,
,
,
,
,
,
,
,
,
,
,
,
,
,
,
,
,
,
,
,
,
,
,
,
,
,
,
,
,
,
,
,
,
,
,
,
,
,
,
,
,
,
,
,
,
,
,
,
,
,
,
,
,
,
,
,
,
,
,
,
,
,
,
,
,
,
,
,
,
,
,
,
,
,
,
,
,
,
,
,
,
,
,
,
,
,
,
,
,
,
,
,
,
,
,
,
,
,
,
,
,
,
,
,
,
,
,
,
,
,
,
,
,
,
,
,
,
,
,
